episode-act,name
33.01,-
36.01,-
622.02,Aaron Reiss
396.03,Aaron Scott
128.04,Achy Obejas
199.01,Adam Beckman
199.02,Adam Beckman
88.03,Adam Davidson
94.03,Adam Davidson
109.05,Adam Davidson
123.02,Adam Davidson
171.03,Adam Davidson
182.03,Adam Davidson
190.03,Adam Davidson
217.02,Adam Davidson
222.03,Adam Davidson
227.02,Adam Davidson
240.03,Adam Davidson
324.01,Adam Davidson
351.03,Adam Davidson
355.01,Adam Davidson
355.02,Adam Davidson
365.01,Adam Davidson
365.04,Adam Davidson
366.04,Adam Davidson
373.04,Adam Davidson
375.01,Adam Davidson
376.01,Adam Davidson
384.03,Adam Davidson
390,Adam Davidson
390.01,Adam Davidson
390.02,Adam Davidson
392.02,Adam Davidson
395.01,Adam Davidson
397.05,Adam Davidson
399.02,Adam Davidson
408.01,Adam Davidson
415.01,Adam Davidson
435.03,Adam Davidson
435.04,Adam Davidson
261.02,Adam Felber
177.02,Adam Gopnik
265.03,Adam Sternbergh
611.01,Adia White
144.02,Adrian Nicole LeBlanc
193.02,Adrian Nicole LeBlanc
250.03,Adrian Nicole LeBlanc
569.02,Ahamefule Oluo
164.04,Aimee Bender
269.03,Aimee Bender
264.03,Aimee Phan
590,Alain De Botton
319,Albert Donnay
91.02,Alex Blumberg
115.04,Alex Blumberg
141.01,Alex Blumberg
151.03,Alex Blumberg
159.01,Alex Blumberg
171.02,Alex Blumberg
173.01,Alex Blumberg
177.01,Alex Blumberg
180.03,Alex Blumberg
196.03,Alex Blumberg
202.02,Alex Blumberg
206.01,Alex Blumberg
220,Alex Blumberg
224.01,Alex Blumberg
236.02,Alex Blumberg
238,Alex Blumberg
250.02,Alex Blumberg
258.01,Alex Blumberg
265.02,Alex Blumberg
272.02,Alex Blumberg
293.01,Alex Blumberg
294.01,Alex Blumberg
296.02,Alex Blumberg
296.03,Alex Blumberg
300.01,Alex Blumberg
316,Alex Blumberg
319.01,Alex Blumberg
320.01,Alex Blumberg
320.03,Alex Blumberg
325.03,Alex Blumberg
329.02,Alex Blumberg
332.04,Alex Blumberg
351.01,Alex Blumberg
355.01,Alex Blumberg
355.02,Alex Blumberg
363.02,Alex Blumberg
365.01,Alex Blumberg
365.02,Alex Blumberg
366.04,Alex Blumberg
373.04,Alex Blumberg
375.01,Alex Blumberg
382.02,Alex Blumberg
384.03,Alex Blumberg
390.01,Alex Blumberg
390.02,Alex Blumberg
392.02,Alex Blumberg
397.05,Alex Blumberg
400.03,Alex Blumberg
405.01,Alex Blumberg
410.02,Alex Blumberg
415.02,Alex Blumberg
423.02,Alex Blumberg
441.01,Alex Blumberg
441.02,Alex Blumberg
448.01,Alex Blumberg
455,Alex Blumberg
461.01,Alex Blumberg
463.01,Alex Blumberg
473.01,Alex Blumberg
477.04,Alex Blumberg
496.01,Alex Blumberg
496.02,Alex Blumberg
517.01,Alex Blumberg
518.03,Alex Blumberg
524.01,Alex Blumberg
527,Alex Blumberg
527.01,Alex Blumberg
605.04,Alex Blumberg
378.01,Alex French
159.02,Alex Kotlowitz
170.03,Alex Kotlowitz
179.01,Alex Kotlowitz
179.02,Alex Kotlowitz
179.03,Alex Kotlowitz
179.04,Alex Kotlowitz
271.02,Alex Kotlowitz
298.01,Alex Kotlowitz
318.01,Alex Kotlowitz
358,Alex Kotlowitz
376.04,Alex Kotlowitz
484.02,Alex Kotlowitz
488.01,Alex Kotlowitz
488.04,Alex Kotlowitz
315.01,Alex Lane
415.03,Alex MacInnis
240,Alex Meyer
137,Alexa Junge
183.02,Alexa Junge
293.04,Alexa Junge
216.04,Ali Davis
16.02,Alix Spiegel
43.03,Alix Spiegel
58.02,Alix Spiegel
59.02,Alix Spiegel
77.01,Alix Spiegel
101.01,Alix Spiegel
113.01,Alix Spiegel
120.01,Alix Spiegel
120.03,Alix Spiegel
142.01,Alix Spiegel
142.02,Alix Spiegel
158.03,Alix Spiegel
163.02,Alix Spiegel
183.01,Alix Spiegel
189.01,Alix Spiegel
189.02,Alix Spiegel
204.01,Alix Spiegel
204.02,Alix Spiegel
215.01,Alix Spiegel
317.01,Alix Spiegel
322.01,Alix Spiegel
391.01,Alix Spiegel
436.01,Alix Spiegel
445.05,Alix Spiegel
544,Alix Spiegel
544.01,Alix Spiegel
544.02,Alix Spiegel
60,Allen Ginsberg
428.01,Allison Silverman
119.02,Amanda Coyne
134.03,Amanda Marks
308,Amy Dickinson
216.03,Amy Dorn
453.01,Amy Drozdowska-McGuire
284.02,Amy O'Leary
302.02,Amy O'Leary
358.03,Amy Silverman
618.01,Ana Adlerstein
246.01,Andrea Morningstar
461.01,Andrea Seabrook
311.04,Andy Raskin
185.01,Ann Heppermann
501.02,Ann Heppermann
394.03,Anna Boiko Weyrauch
130.02,Anna Lengyl
525.02,Anna Sale
104.03,Anne Lamott
117.01,Annie Cheney
409.01,Annie Correal
497.02,Annie Correal
572.01,Anthony DeVito
235,Anthony Swofford
282.01,Anya Bourg
282.02,Anya Bourg
408.02,Apricot Irving
529.02,Ariel Sabar
568.02,Ariel Sabar
337.02,Arthur Phillips
623.02,Azie Dungey
559.02,Aziz Ansari
90.03,Barrett Golding
6.01,Beau O'Reilly
21.02,Beau O'Reilly
25.04,Beau O'Reilly
33.02,Beau O'Reilly
63.02,Beau O'Reilly
159.03,Beau O'Reilly
301.02,Beau O'Reilly
414.01,Ben Calhoun
417.01,Ben Calhoun
439.01,Ben Calhoun
461.02,Ben Calhoun
484.01,Ben Calhoun
488.02,Ben Calhoun
488.05,Ben Calhoun
509.03,Ben Calhoun
515,Ben Calhoun
515.01,Ben Calhoun
534,Ben Calhoun
551,Ben Calhoun
551.01,Ben Calhoun
288.03,Ben Karlin
486.03,Ben Loory
498.03,Ben Loory
527.03,Ben Loory
245.04,Bernard Cooper
224.02,Beth Landau
278.02,Beth Lisick
53.02,Bia Lowe
567.02,Bianca Giaever
158.01,Bill Buford
394.04,Bill Cotter
319.02,Bill Eville
202.03,Bill Lychak
558.01,Blair Braverman
75.04,Blake Eskin
82.02,Blake Eskin
574.05,Blake Eskin
162.03,Blue Chevigny
169,Blue Chevigny
170.01,Blue Chevigny
229.03,Blue Chevigny
242.04,Blue Chevigny
572,Bob Carlson
141.02,Brady Udall
154.03,Brady Udall
336.03,Brady Udall
149.03,Brent Runyon
209.02,Brent Runyon
265.04,Brent Runyon
53.01,Brett Leveridge
307.01,Brett Martin
311.03,Brett Martin
342.02,Brett Martin
426.04,Brett Martin
19.03,Brian Gilmore
287.03,Brian Montopolis
513.09,Brian Reed
524.05,Brian Reed
536.02,Brian Reed
547.01,Brian Reed
547.02,Brian Reed
554.02,Brian Reed
584.03,Brian Reed
621.01,Brian Reed
309.04,Brian Thomas Gallagher
182.04,Bruce Jay Friedman
81.03,Bryn Magnus
480.02,Camas Davis
54.05,Camden Joy
102.02,Candido Tirado
197.01,Carl Marziali
242.01,Carl Marziali
274.02,Carl Marziali
404.01,Carl Marziali
361,Carlos Schenck
35.04,Carmen Delzell
43.04,Carmen Delzell
102.02,Carmen Rivera
284.03,Catherine Keener
68.04,Cecilia Vaisman
106.01,Chana Joffe-Walt
377.02,Chana Joffe-Walt
382.01,Chana Joffe-Walt
392.01,Chana Joffe-Walt
395.01,Chana Joffe-Walt
408.01,Chana Joffe-Walt
412.03,Chana Joffe-Walt
418.01,Chana Joffe-Walt
418.02,Chana Joffe-Walt
418.03,Chana Joffe-Walt
418.04,Chana Joffe-Walt
418.05,Chana Joffe-Walt
423.01,Chana Joffe-Walt
433.01,Chana Joffe-Walt
435.01,Chana Joffe-Walt
455,Chana Joffe-Walt
483.02,Chana Joffe-Walt
490,Chana Joffe-Walt
490.01,Chana Joffe-Walt
490.02,Chana Joffe-Walt
525.03,Chana Joffe-Walt
527.02,Chana Joffe-Walt
530.01,Chana Joffe-Walt
532.02,Chana Joffe-Walt
538.03,Chana Joffe-Walt
550,Chana Joffe-Walt
550.01,Chana Joffe-Walt
550.02,Chana Joffe-Walt
557,Chana Joffe-Walt
557.01,Chana Joffe-Walt
563,Chana Joffe-Walt
563.01,Chana Joffe-Walt
563.02,Chana Joffe-Walt
573.03,Chana Joffe-Walt
583,Chana Joffe-Walt
583.03,Chana Joffe-Walt
583.04,Chana Joffe-Walt
620,Chana Joffe-Walt
62.01,Chapin Wilson
366.02,Charles Duhigg
257.02,Charles Monroe-Kane
353.03,Charlie Savage
256.03,Chelsea Merz
446.03,Chelsea Merz
45.04,Cheryl Trykv
50.04,Cheryl Trykv
102.04,Cheryl Trykv
129.03,Cheryl Trykv
184.02,Cheryl Wagner
296.04,Cheryl Wagner
307.02,Cheryl Wagner
316.04,Cheryl Wagner
380.01,Chris Arnold
122.02,Chris Brookes
201.03,Chris Brookes
576.01,Chris Gethard
584.02,Chris Gethard
612.03,Chris Gethard
409.03,Chris Higgins
359.02,Chris Neary
445.03,Chris Neary
302.01,Chris Tenove
68.04,Christina Egloff
148.04,Christine Coyle
56.02,Christopher Cerf
542.01,Christopher Rhoads
241.18,Chuck Klosterman
244.01,Chuck Klosterman
362.02,Chuck Klosterman
267.03,Claire Beckmann
373.02,Claire Hoffman
20.04,Claudia Perez
50.03,Claudia Perez
302.02,Colby Buzzell
567.01,Courtney Stein
190.01,Cris Beam
214.01,Cris Beam
448.02,Cristin Milioti
216.05,Curtis Sittenfeld
248.04,Curtis Sittenfeld
279.03,Curtis Sittenfeld
308.02,Czerina Patel
31.01,Dael Orlandersmith
37.03,Dan Collison
83.02,Dan Collison
133.04,Dan Collison
570,Dan Ephron
570.01,Dan Ephron
570.02,Dan Ephron
108.01,Dan Gediman
279.05,Dan Neil
32.02,Dan Savage
46.04,Dan Savage
92.02,Dan Savage
95.02,Dan Savage
106.03,Dan Savage
113.02,Dan Savage
129.02,Dan Savage
139.02,Dan Savage
183.04,Dan Savage
293.02,Dan Savage
316.01,Dan Savage
328.04,Dan Savage
341.03,Dan Savage
379.03,Dan Savage
594.01,Dana Chivvis
616.01,Dana Chivvis
123.03,Dani Shapiro
393.03,Dani Shapiro
420.02,Daniel Beirne
589.04,Daniel Engber
37.04,Daniel Orozco
43.05,Daniel Pinkwater
139.03,Daniel Portado
29.03,Danny Drennan
34.04,Danny Drennan
65.03,Danny Drennan
133.02,Danny Hoch
134.02,Danny Hoch
456.02,Danny Lobell
359.01,Darin Strauss
117.03,Dave Eggers
140.03,Dave Eggers
448.02,Dave Eggers
373,Dave Hill
373.01,Dave Hill
395.03,Dave Hill
401,Dave Hill
422.06,Dave Hill
475.02,Dave Hill
214,David Kestenbaum
229.02,David Kestenbaum
382.02,David Kestenbaum
392.03,David Kestenbaum
413.01,David Kestenbaum
418.01,David Kestenbaum
418.02,David Kestenbaum
418.03,David Kestenbaum
418.04,David Kestenbaum
418.05,David Kestenbaum
423.02,David Kestenbaum
431.03,David Kestenbaum
434.05,David Kestenbaum
503.01,David Kestenbaum
602.07,David Kestenbaum
608.06,David Kestenbaum
611.02,David Kestenbaum
612.02,David Kestenbaum
317.02,Dave Royko
69.02,David Beers
364.02,David Berkeley
588.03,David Berkeley
176.02,David Brock
91.03,David Cale
203.04,David Cossin
326.03,David Ellis Dickerson
332.05,David Ellis Dickerson
340.03,David Ellis Dickerson
358.02,David Ellis Dickerson
394.02,David Ellis Dickerson
432.01,David Ellis Dickerson
577.01,David Epstein
429.01,David Finkel
160.02,David Foster Wallace
391,David Frum
312.01,David Hauptschein
312.02,David Hauptschein
531,David Hill
531.01,David Hill
425.01,David Holthouse
17.03,David Isaacson
25.03,David Isaacson
610.02,David Kestenbaum
617,David Kestenbaum
617.01,David Kestenbaum
619,David Kestenbaum
619.01,David Kestenbaum
619.02,David Kestenbaum
620.01,David Kestenbaum
101.01,David Kodeski
399.03,David MacLean
12.02,David Rakoff
47.03,David Rakoff
49.02,David Rakoff
65.01,David Rakoff
116.04,David Rakoff
118.03,David Rakoff
124.01,David Rakoff
140.01,David Rakoff
146.01,David Rakoff
156.01,David Rakoff
169.01,David Rakoff
192.03,David Rakoff
194.02,David Rakoff
208.02,David Rakoff
220.03,David Rakoff
241.15,David Rakoff
248,David Rakoff
259.02,David Rakoff
305.01,David Rakoff
328.01,David Rakoff
343.04,David Rakoff
345.01,David Rakoff
354.02,David Rakoff
386.02,David Rakoff
389.03,David Rakoff
433.02,David Rakoff
464.03,David Rakoff
3.05,David Sedaris
4.03,David Sedaris
6,David Sedaris
11.04,David Sedaris
12.02,David Sedaris
23.01,David Sedaris
27.01,David Sedaris
28.01,David Sedaris
35.01,David Sedaris
44.04,David Sedaris
47.02,David Sedaris
49.02,David Sedaris
52.03,David Sedaris
57.03,David Sedaris
60.04,David Sedaris
73.02,David Sedaris
82.03,David Sedaris
87.01,David Sedaris
87.03,David Sedaris
97.01,David Sedaris
99.01,David Sedaris
104.01,David Sedaris
136.02,David Sedaris
137.02,David Sedaris
141.02,David Sedaris
148.05,David Sedaris
154.01,David Sedaris
161.06,David Sedaris
173.03,David Sedaris
193.03,David Sedaris
194.04,David Sedaris
198.01,David Sedaris
201.02,David Sedaris
214.03,David Sedaris
221.03,David Sedaris
225.05,David Sedaris
235.03,David Sedaris
240.01,David Sedaris
241.11,David Sedaris
257.03,David Sedaris
277.01,David Sedaris
288.02,David Sedaris
303.03,David Sedaris
305.04,David Sedaris
308.03,David Sedaris
315.03,David Sedaris
319.04,David Sedaris
464.04,David Sedaris
517.04,David Sedaris
268.01,David Segal
279.01,David Segal
281.01,David Segal
285.02,David Segal
309.03,David Segal
401.01,David Segal
531.02,David Segal
568.03,David Segal
283.01,David Wilcox
325.02,David Wilcox
595.01,David Zax
184.01,Davy Rothbart
212.01,Davy Rothbart
239.03,Davy Rothbart
262.01,Davy Rothbart
306.03,Davy Rothbart
327.01,Davy Rothbart
89.03,Deb Monroe
110.04,Deb Monroe
317,Deborah Blum
209.01,Debra Gwartney
298.02,Diane Cook
44.02,Dick Orkin
44.06,Dick Orkin
148.04,Dick Orkin
57.01,Dierdre Dolan
74.02,Dishwasher Pete
102.01,Dishwasher Pete
115.01,Dishwasher Pete
344.02,Dmae Roberts
449.03,Domingo Martinez
526.01,Domingo Martinez
89.04,Donald Antrim
93.03,Donald Hall
13.01,Doris Wilbur
329.04,Douglas McGray
338.02,Douglas McGray
364.03,Douglas McGray
131.02,Ed Dixon
270.01,Eddie Schmidt
422.02,Edith Zimmerman
603.01,Eleanor Gordon-Smith
302,Eli Ramirez
234.04,Elizabeth Gilbert
244.03,Elizabeth Gilbert
116,Elizabeth Meister
343,Elizabeth Meister
336.01,Ellen Horne
313,Ellen Spiro
347.03,Elna Baker
421.03,Elna Baker
483.01,Elna Baker
506.02,Elna Baker
524.02,Elna Baker
541,Elna Baker
558.04,Elna Baker
589.02,Elna Baker
602.09,Elna Baker
610.03,Elna Baker
571.02,Elsa Waithe
306.04,Elsbeth Carruthers
497.06,Emily Bazelon
112.03,Emily Colas
541.01,Emily Hsiao
596.02,Emmanuel Dzotsi
602.11,Emmanuel Dzotsi
285.01,Enid Graham
315.01,Eric Holm
346.01,Eric Klinenberg
434.07,Eric Mennel
301,Erin EInhorn
301.01,Erin EInhorn
161.05,Ernest Castle
242.03,Etgar Keret
274.04,Etgar Keret
285.03,Etgar Keret
357.01,Etgar Keret
381.04,Etgar Keret
393.04,Etgar Keret
397.04,Etgar Keret
404.04,Etgar Keret
428.04,Etgar Keret
468,Etgar Keret
518.05,Etgar Keret
559.04,Etgar Keret
577.03,Etgar Keret
413.02,Eugene Mirman
467.01,Evan Osnos
575.04,Evan Osnos
327.03,Eve Abrams
578.03,Eve Abrams
144.01,Felicity Jones
193.01,Felicity Jones
244.02,Felix Solis
448.02,Fiona Maazel
112.04,Frank Browning
403.01,Frank Langfitt
403.02,Frank Langfitt
561.01,Frank Langfitt
561.02,Frank Langfitt
227.04,Gabe Hudson
422.04,Gabe Liedman
330.02,Gabriel Delahaye
450.01,Gabriel Rhodes
288.01,Gabrielle Galanek
54.04,Gay Talese
574.01,Gay Talese
313.01,Gene Cheek
144.01,Genevieve Jurgensen
193.01,Genevieve Jurgensen
134.01,Geoff Dyer
81.02,Geoffrey Canada
157.01,George Gurley
213.01,George Ratliff
42.02,George Saunders
51.02,George Saunders
335.01,Gideon Yago
121.01,Gillian Aldrich
508.04,Glynn Washington
236.03,Greg Tate
264.02,Greg Warner
347.01,Greg Warner
369.01,Greg Warner
388.02,Greg Warner
39.06,Gregory Whitehead
247.02,Griffin Hansbury
590.02,Harry Enten
152.03,Haruki Murakami
194.03,Haruki Murakami
197.02,Heather O'Neill
212.03,Heather O'Neill
222.04,Heather O'Neill
305.03,Heather O'Neill
82.04,Heather Woodbury
281,Helen Thorpe
273.01,Hilary Hoffman
131.04,Hillary Frank
140.04,Hillary Frank
150.03,Hillary Frank
166.02,Hillary Frank
175.01,Hillary Frank
259.03,Hillary Frank
263.04,Hillary Frank
345.03,Hillary Frank
351.04,Hillary Frank
549.02,Hillary Frank
583.01,Hillary Frank
53.04,Hilton Als
188.02,Howie Chackowicz
605.03,Howie Chackowicz
489.01,Hyder Akbar
95.03,Ian Brown
187.02,Ian Brown
255.01,Ian Brown
349.03,Ian Brown
100.01,Iggy Scam
146.05,Iggy Scam
185.03,Iggy Scam
1,Ira Glass
1.01,Ira Glass
1.02,Ira Glass
2,Ira Glass
3.01,Ira Glass
4.01,Ira Glass
5,Ira Glass
5.01,Ira Glass
6,Ira Glass
6.02,Ira Glass
7,Ira Glass
7.02,Ira Glass
8,Ira Glass
8.01,Ira Glass
8.02,Ira Glass
8.03,Ira Glass
9,Ira Glass
10,Ira Glass
10.01,Ira Glass
10.02,Ira Glass
10.03,Ira Glass
11.01,Ira Glass
11.03,Ira Glass
12,Ira Glass
13,Ira Glass
13.01,Ira Glass
14,Ira Glass
14.01,Ira Glass
14.02,Ira Glass
15,Ira Glass
16.01,Ira Glass
16.02,Ira Glass
16.04,Ira Glass
17,Ira Glass
17.01,Ira Glass
17.02,Ira Glass
19.02,Ira Glass
19.03,Ira Glass
20.01,Ira Glass
20.02,Ira Glass
20.03,Ira Glass
20.04,Ira Glass
21.03,Ira Glass
22,Ira Glass
22.01,Ira Glass
23,Ira Glass
23.02,Ira Glass
23.03,Ira Glass
24,Ira Glass
25.01,Ira Glass
25.02,Ira Glass
25.03,Ira Glass
25.04,Ira Glass
25.05,Ira Glass
27,Ira Glass
28,Ira Glass
28.02,Ira Glass
29,Ira Glass
29.02,Ira Glass
30.01,Ira Glass
32.01,Ira Glass
32.02,Ira Glass
34,Ira Glass
34.01,Ira Glass
34.02,Ira Glass
34.03,Ira Glass
35,Ira Glass
35.03,Ira Glass
37,Ira Glass
38.01,Ira Glass
38.03,Ira Glass
38.04,Ira Glass
39,Ira Glass
39.01,Ira Glass
39.02,Ira Glass
39.03,Ira Glass
39.05,Ira Glass
41.01,Ira Glass
42.01,Ira Glass
43.01,Ira Glass
43.02,Ira Glass
44.01,Ira Glass
44.05,Ira Glass
45.01,Ira Glass
46.03,Ira Glass
47.01,Ira Glass
48.01,Ira Glass
48.03,Ira Glass
49,Ira Glass
50,Ira Glass
50.01,Ira Glass
50.03,Ira Glass
51,Ira Glass
51.03,Ira Glass
52,Ira Glass
52.02,Ira Glass
53,Ira Glass
54,Ira Glass
54.01,Ira Glass
54.03,Ira Glass
55,Ira Glass
56,Ira Glass
57,Ira Glass
58,Ira Glass
59.02,Ira Glass
59.04,Ira Glass
60,Ira Glass
60.02,Ira Glass
62,Ira Glass
63,Ira Glass
63.04,Ira Glass
64,Ira Glass
65,Ira Glass
65.01,Ira Glass
67,Ira Glass
68,Ira Glass
68.01,Ira Glass
68.02,Ira Glass
69,Ira Glass
70,Ira Glass
71,Ira Glass
71.03,Ira Glass
72,Ira Glass
73,Ira Glass
74,Ira Glass
74.03,Ira Glass
75,Ira Glass
76,Ira Glass
77,Ira Glass
78.01,Ira Glass
78.03,Ira Glass
78.04,Ira Glass
78.05,Ira Glass
79,Ira Glass
79.01,Ira Glass
79.02,Ira Glass
80,Ira Glass
80.02,Ira Glass
81,Ira Glass
81.02,Ira Glass
82,Ira Glass
82.01,Ira Glass
83,Ira Glass
84.01,Ira Glass
84.02,Ira Glass
85,Ira Glass
85.02,Ira Glass
85.04,Ira Glass
87,Ira Glass
87.03,Ira Glass
88,Ira Glass
88.01,Ira Glass
88.02,Ira Glass
88.04,Ira Glass
89,Ira Glass
89.01,Ira Glass
89.03,Ira Glass
90,Ira Glass
90.01,Ira Glass
90.03,Ira Glass
91.01,Ira Glass
92,Ira Glass
93,Ira Glass
94,Ira Glass
94.01,Ira Glass
95,Ira Glass
95.01,Ira Glass
96,Ira Glass
97,Ira Glass
97.02,Ira Glass
97.11,Ira Glass
98,Ira Glass
99,Ira Glass
99.03,Ira Glass
99.04,Ira Glass
100,Ira Glass
100.03,Ira Glass
100.04,Ira Glass
102,Ira Glass
104,Ira Glass
105,Ira Glass
105.01,Ira Glass
105.02,Ira Glass
106,Ira Glass
106.04,Ira Glass
107,Ira Glass
108,Ira Glass
109,Ira Glass
109.01,Ira Glass
109.02,Ira Glass
110,Ira Glass
110.01,Ira Glass
111,Ira Glass
111.01,Ira Glass
111.02,Ira Glass
112,Ira Glass
112.01,Ira Glass
112.02,Ira Glass
113,Ira Glass
113.03,Ira Glass
114,Ira Glass
114.03,Ira Glass
114.05,Ira Glass
115,Ira Glass
115.02,Ira Glass
116,Ira Glass
116.02,Ira Glass
116.03,Ira Glass
117,Ira Glass
118,Ira Glass
118.02,Ira Glass
119,Ira Glass
120,Ira Glass
122.01,Ira Glass
123,Ira Glass
124,Ira Glass
125,Ira Glass
125.01,Ira Glass
125.02,Ira Glass
125.04,Ira Glass
126,Ira Glass
126.01,Ira Glass
126.02,Ira Glass
127,Ira Glass
128,Ira Glass
128.02,Ira Glass
129,Ira Glass
129.02,Ira Glass
130,Ira Glass
130.02,Ira Glass
131,Ira Glass
131.01,Ira Glass
132,Ira Glass
132.01,Ira Glass
133,Ira Glass
133.03,Ira Glass
134,Ira Glass
135,Ira Glass
136,Ira Glass
136.01,Ira Glass
137,Ira Glass
137.01,Ira Glass
138,Ira Glass
138.02,Ira Glass
139,Ira Glass
140,Ira Glass
141,Ira Glass
141.03,Ira Glass
142,Ira Glass
143,Ira Glass
143.01,Ira Glass
143.02,Ira Glass
143.03,Ira Glass
144,Ira Glass
145.01,Ira Glass
146,Ira Glass
146.02,Ira Glass
147.01,Ira Glass
147.02,Ira Glass
147.03,Ira Glass
147.04,Ira Glass
147.05,Ira Glass
147.06,Ira Glass
147.07,Ira Glass
148,Ira Glass
149,Ira Glass
150,Ira Glass
150.02,Ira Glass
150.04,Ira Glass
151,Ira Glass
152,Ira Glass
152.02,Ira Glass
153,Ira Glass
154,Ira Glass
154.02,Ira Glass
155,Ira Glass
155.01,Ira Glass
155.03,Ira Glass
156,Ira Glass
157,Ira Glass
158,Ira Glass
159,Ira Glass
160,Ira Glass
160.01,Ira Glass
160.03,Ira Glass
160.04,Ira Glass
161,Ira Glass
161.01,Ira Glass
161.04,Ira Glass
161.07,Ira Glass
162,Ira Glass
163,Ira Glass
163.01,Ira Glass
164,Ira Glass
164.01,Ira Glass
165,Ira Glass
165.01,Ira Glass
165.02,Ira Glass
165.03,Ira Glass
166,Ira Glass
166.03,Ira Glass
167,Ira Glass
168,Ira Glass
168.01,Ira Glass
168.02,Ira Glass
169,Ira Glass
170,Ira Glass
170.02,Ira Glass
171,Ira Glass
172.01,Ira Glass
172.02,Ira Glass
173,Ira Glass
174,Ira Glass
174.02,Ira Glass
175.03,Ira Glass
176,Ira Glass
176.01,Ira Glass
176.03,Ira Glass
176.04,Ira Glass
176.05,Ira Glass
177,Ira Glass
177.03,Ira Glass
178,Ira Glass
178.03,Ira Glass
178.04,Ira Glass
179,Ira Glass
179.01,Ira Glass
179.02,Ira Glass
179.03,Ira Glass
179.04,Ira Glass
180,Ira Glass
180.01,Ira Glass
180.02,Ira Glass
181,Ira Glass
182,Ira Glass
182.02,Ira Glass
183,Ira Glass
184,Ira Glass
185,Ira Glass
185.02,Ira Glass
186,Ira Glass
186.02,Ira Glass
186.03,Ira Glass
187,Ira Glass
187.01,Ira Glass
188,Ira Glass
188.01,Ira Glass
189,Ira Glass
190,Ira Glass
190.03,Ira Glass
191.01,Ira Glass
192,Ira Glass
192.02,Ira Glass
193,Ira Glass
194,Ira Glass
194.01,Ira Glass
194.05,Ira Glass
195,Ira Glass
195.01,Ira Glass
195.02,Ira Glass
196,Ira Glass
197.01,Ira Glass
198,Ira Glass
199,Ira Glass
200,Ira Glass
201,Ira Glass
202,Ira Glass
202.01,Ira Glass
203,Ira Glass
204,Ira Glass
205,Ira Glass
205.03,Ira Glass
206.01,Ira Glass
207,Ira Glass
207.01,Ira Glass
208,Ira Glass
209,Ira Glass
210,Ira Glass
210.02,Ira Glass
211,Ira Glass
211.02,Ira Glass
212,Ira Glass
212.02,Ira Glass
213,Ira Glass
213.02,Ira Glass
214,Ira Glass
215,Ira Glass
216,Ira Glass
216.01,Ira Glass
217,Ira Glass
217.02,Ira Glass
218,Ira Glass
219,Ira Glass
220,Ira Glass
220.01,Ira Glass
220.02,Ira Glass
220.03,Ira Glass
221,Ira Glass
221.01,Ira Glass
222,Ira Glass
222.01,Ira Glass
223,Ira Glass
224,Ira Glass
225,Ira Glass
225.02,Ira Glass
225.03,Ira Glass
227,Ira Glass
227.01,Ira Glass
227.03,Ira Glass
228,Ira Glass
229,Ira Glass
230,Ira Glass
231,Ira Glass
231.03,Ira Glass
232,Ira Glass
233,Ira Glass
234,Ira Glass
234.03,Ira Glass
235.06,Ira Glass
236,Ira Glass
239,Ira Glass
241,Ira Glass
242,Ira Glass
242.02,Ira Glass
243,Ira Glass
244,Ira Glass
245,Ira Glass
245.02,Ira Glass
246,Ira Glass
249,Ira Glass
249.01,Ira Glass
249.03,Ira Glass
250,Ira Glass
251,Ira Glass
251.03,Ira Glass
252,Ira Glass
252.01,Ira Glass
252.02,Ira Glass
252.04,Ira Glass
253,Ira Glass
255,Ira Glass
256,Ira Glass
257,Ira Glass
257.04,Ira Glass
258,Ira Glass
259,Ira Glass
260,Ira Glass
261,Ira Glass
261.01,Ira Glass
262,Ira Glass
262.02,Ira Glass
263,Ira Glass
263.01,Ira Glass
263.03,Ira Glass
264,Ira Glass
265,Ira Glass
266,Ira Glass
267,Ira Glass
267.01,Ira Glass
268,Ira Glass
269,Ira Glass
270,Ira Glass
271,Ira Glass
271.01,Ira Glass
272,Ira Glass
272.01,Ira Glass
272.04,Ira Glass
273,Ira Glass
274,Ira Glass
274.01,Ira Glass
274.03,Ira Glass
275,Ira Glass
275.01,Ira Glass
275.02,Ira Glass
276,Ira Glass
276.01,Ira Glass
277,Ira Glass
277.02,Ira Glass
278,Ira Glass
279,Ira Glass
280,Ira Glass
280.01,Ira Glass
282,Ira Glass
284,Ira Glass
285,Ira Glass
286,Ira Glass
287,Ira Glass
288,Ira Glass
289,Ira Glass
289.01,Ira Glass
290,Ira Glass
290.01,Ira Glass
291,Ira Glass
291.02,Ira Glass
292,Ira Glass
293,Ira Glass
294,Ira Glass
295,Ira Glass
295.01,Ira Glass
296,Ira Glass
296.01,Ira Glass
297,Ira Glass
297.02,Ira Glass
298,Ira Glass
299.01,Ira Glass
300,Ira Glass
300.03,Ira Glass
303.01,Ira Glass
305,Ira Glass
306.01,Ira Glass
307,Ira Glass
308,Ira Glass
309,Ira Glass
311,Ira Glass
312.01,Ira Glass
312.02,Ira Glass
313,Ira Glass
314,Ira Glass
315,Ira Glass
316,Ira Glass
316.02,Ira Glass
317,Ira Glass
318,Ira Glass
318.02,Ira Glass
319,Ira Glass
320,Ira Glass
320.02,Ira Glass
320.03,Ira Glass
321,Ira Glass
322,Ira Glass
323,Ira Glass
324,Ira Glass
325,Ira Glass
326,Ira Glass
327.02,Ira Glass
328,Ira Glass
328.03,Ira Glass
329,Ira Glass
330,Ira Glass
332,Ira Glass
332.02,Ira Glass
332.06,Ira Glass
332.08,Ira Glass
333,Ira Glass
333.02,Ira Glass
334,Ira Glass
335,Ira Glass
336,Ira Glass
336.02,Ira Glass
337,Ira Glass
338,Ira Glass
339,Ira Glass
339.02,Ira Glass
339.03,Ira Glass
340,Ira Glass
341,Ira Glass
341.02,Ira Glass
342,Ira Glass
344,Ira Glass
346,Ira Glass
348,Ira Glass
348.01,Ira Glass
351,Ira Glass
351.02,Ira Glass
353,Ira Glass
353.01,Ira Glass
353.03,Ira Glass
354,Ira Glass
355,Ira Glass
356,Ira Glass
359,Ira Glass
360,Ira Glass
361,Ira Glass
361.05,Ira Glass
362,Ira Glass
363.01,Ira Glass
364,Ira Glass
364.02,Ira Glass
365,Ira Glass
365.03,Ira Glass
365.04,Ira Glass
366,Ira Glass
366.02,Ira Glass
367,Ira Glass
368,Ira Glass
368.02,Ira Glass
369,Ira Glass
370,Ira Glass
371,Ira Glass
371.01,Ira Glass
371.02,Ira Glass
371.04,Ira Glass
372,Ira Glass
372.03,Ira Glass
372.06,Ira Glass
375,Ira Glass
376,Ira Glass
377,Ira Glass
377.01,Ira Glass
377.03,Ira Glass
378,Ira Glass
378.02,Ira Glass
378.04,Ira Glass
379,Ira Glass
380,Ira Glass
381,Ira Glass
382,Ira Glass
383,Ira Glass
383.02,Ira Glass
384,Ira Glass
385,Ira Glass
385.02,Ira Glass
385.04,Ira Glass
386.03,Ira Glass
387,Ira Glass
387.03,Ira Glass
388.01,Ira Glass
389,Ira Glass
389.04,Ira Glass
391.04,Ira Glass
392,Ira Glass
393,Ira Glass
394,Ira Glass
395,Ira Glass
396,Ira Glass
396.01,Ira Glass
397,Ira Glass
397.02,Ira Glass
398,Ira Glass
399,Ira Glass
400,Ira Glass
401,Ira Glass
403,Ira Glass
404,Ira Glass
404.02,Ira Glass
405,Ira Glass
406,Ira Glass
407,Ira Glass
409,Ira Glass
410,Ira Glass
410.01,Ira Glass
411,Ira Glass
411.01,Ira Glass
412,Ira Glass
412.01,Ira Glass
413,Ira Glass
414,Ira Glass
414.02,Ira Glass
415,Ira Glass
416,Ira Glass
417,Ira Glass
418,Ira Glass
419,Ira Glass
420,Ira Glass
420.03,Ira Glass
421.01,Ira Glass
422,Ira Glass
423,Ira Glass
424,Ira Glass
424.02,Ira Glass
426,Ira Glass
426.01,Ira Glass
427.01,Ira Glass
430.01,Ira Glass
430.02,Ira Glass
431,Ira Glass
432,Ira Glass
432.04,Ira Glass
433,Ira Glass
434,Ira Glass
434.04,Ira Glass
435,Ira Glass
436,Ira Glass
436.03,Ira Glass
437,Ira Glass
437.02,Ira Glass
438,Ira Glass
439,Ira Glass
440,Ira Glass
441,Ira Glass
442,Ira Glass
443,Ira Glass
443.01,Ira Glass
443.02,Ira Glass
445,Ira Glass
445.02,Ira Glass
445.04,Ira Glass
445.06,Ira Glass
446,Ira Glass
446.02,Ira Glass
447,Ira Glass
448,Ira Glass
449,Ira Glass
449.01,Ira Glass
449.02,Ira Glass
450,Ira Glass
451,Ira Glass
451.02,Ira Glass
452,Ira Glass
452.01,Ira Glass
453,Ira Glass
454,Ira Glass
457,Ira Glass
457.01,Ira Glass
458,Ira Glass
459,Ira Glass
459.02,Ira Glass
460,Ira Glass
461,Ira Glass
462,Ira Glass
462.01,Ira Glass
465,Ira Glass
466,Ira Glass
467,Ira Glass
474,Ira Glass
474.01,Ira Glass
474.02,Ira Glass
476.02,Ira Glass
481.03,Ira Glass
484,Ira Glass
485,Ira Glass
504,Ira Glass
504.01,Ira Glass
506,Ira Glass
507,Ira Glass
508,Ira Glass
508.03,Ira Glass
509,Ira Glass
509.01,Ira Glass
512,Ira Glass
514,Ira Glass
518,Ira Glass
521,Ira Glass
521.02,Ira Glass
524.02,Ira Glass
524.04,Ira Glass
525,Ira Glass
525.01,Ira Glass
529,Ira Glass
535,Ira Glass
540,Ira Glass
545,Ira Glass
545.02,Ira Glass
547,Ira Glass
559,Ira Glass
559.03,Ira Glass
561,Ira Glass
565.03,Ira Glass
567,Ira Glass
569,Ira Glass
571,Ira Glass
572,Ira Glass
572.02,Ira Glass
573,Ira Glass
573.01,Ira Glass
573.04,Ira Glass
574,Ira Glass
574.03,Ira Glass
575,Ira Glass
575.03,Ira Glass
576,Ira Glass
576.03,Ira Glass
577,Ira Glass
578,Ira Glass
579.01,Ira Glass
580,Ira Glass
581,Ira Glass
582,Ira Glass
584,Ira Glass
584.01,Ira Glass
585,Ira Glass
587,Ira Glass
587.01,Ira Glass
588,Ira Glass
588.01,Ira Glass
588.03,Ira Glass
589,Ira Glass
589.03,Ira Glass
590,Ira Glass
590.02,Ira Glass
592,Ira Glass
592.02,Ira Glass
593,Ira Glass
594,Ira Glass
594.02,Ira Glass
595,Ira Glass
596,Ira Glass
597,Ira Glass
598,Ira Glass
598.03,Ira Glass
600,Ira Glass
601,Ira Glass
602,Ira Glass
602.06,Ira Glass
603,Ira Glass
604,Ira Glass
605,Ira Glass
606,Ira Glass
607,Ira Glass
608,Ira Glass
609,Ira Glass
609.02,Ira Glass
609.04,Ira Glass
611,Ira Glass
612,Ira Glass
612.04,Ira Glass
613,Ira Glass
614,Ira Glass
614.02,Ira Glass
614.04,Ira Glass
615,Ira Glass
615.02,Ira Glass
616,Ira Glass
617,Ira Glass
617.01,Ira Glass
617.02,Ira Glass
618.02,Ira Glass
619,Ira Glass
619.01,Ira Glass
620.02,Ira Glass
622.03,Ira Glass
27.02,Ira Sher
5.02,Iris Moore
407.03,Isaiah Thompson
196.02,Issam Shukri
235.01,Issam Shukri
79.04,Italo Calvino
328,J. J. Abrams
205.05,J. Robert Lennon
75.02,Jack Geiger
5.01,Jack Hitt
15.01,Jack Hitt
15.02,Jack Hitt
19.02,Jack Hitt
38.02,Jack Hitt
56.02,Jack Hitt
61.01,Jack Hitt
65.03,Jack Hitt
68.01,Jack Hitt
85.01,Jack Hitt
100.02,Jack Hitt
115,Jack Hitt
120.02,Jack Hitt
123.01,Jack Hitt
145.04,Jack Hitt
171.01,Jack Hitt
216.02,Jack Hitt
218.01,Jack Hitt
218.02,Jack Hitt
229.01,Jack Hitt
250.01,Jack Hitt
252.03,Jack Hitt
253.01,Jack Hitt
276.02,Jack Hitt
278,Jack Hitt
280.02,Jack Hitt
283,Jack Hitt
310.01,Jack Hitt
310.03,Jack Hitt
323.01,Jack Hitt
331.01,Jack Hitt
331.03,Jack Hitt
332.03,Jack Hitt
343.03,Jack Hitt
353.02,Jack Hitt
417.02,Jack Hitt
456.01,Jack Hitt
466.01,Jack Hitt
510,Jack Hitt
510.01,Jack Hitt
549.01,Jack Hitt
601,Jack Hitt
503.01,Jacob Goldstein
618.01,Jacob McClelland
336.01,Jad Abumrad
401.02,Jad Abumrad
401.02,Jad Abumrad
536.01,Jake Bernstein
360.02,Jake Halpern
234.01,Jake Warga
265.01,Jake Warga
393.02,James Braly
82,James Ellroy
309.01,James Spring
402.01,James Spring
520.01,James Spring
542.03,James Spring
582.01,James Spring
279.02,Jamie Kitman
328,Jane Espenson
278.04,Jane Feltes
297.01,Jane Feltes
341.01,Jane Feltes
347,Jane Feltes
348.03,Jane Feltes
395.05,Jane Feltes
396.01,Jane Feltes
400.06,Jane Feltes
413.05,Jane Feltes
415.01,Jane Feltes
426.03,Jane Feltes
443.02,Jane Feltes
342.01,Jason Minter
35.04,Jay Allison
40.02,Jay Allison
51.01,Jay Allison
51.04,Jay Allison
68.04,Jay Allison
108.01,Jay Allison
117.01,Jay Allison
149.03,Jay Allison
161.03,Jay Allison
223.05,Jay Allison
241.05,Jay Allison
378,Jay Allison
388.02,Jay Allison
409.01,Jay Allison
494,Jay Allison
494.01,Jay Allison
578.02,Jay Larson
153.02,Jean Nathan
389.01,Jeanne Darst
439.03,Jeanne Darst
448.02,Jeanne Darst
457.04,Jeanne Darst
135.03,Jeanne Finley
2.01,Jeff Dorchen
25.04,Jeff Dorchen
61.02,Jeff Dorchen
61.03,Jeff Dorchen
78.02,Jeff Dorchen
79.04,Jeff Dorchen
385.03,Jeff Simmermon
237.03,Jeffrey Brown
281.02,Jen Banbury
395.02,Jenifer Hixson
346.03,Jennifer Schaller
422.04,Jenny Slate
622.02,Jenny Ye
137.03,Jeremy Goldstein
238.03,Jesse Hardman
476.03,Jessica Benko
518.01,Jessica Lussenhop
231.02,Jessica Riddle
221.02,Jhumpa Lahiri
345.02,Jill Wolfson
420.04,Jim O'Grady
24.01,Jo Carol Pierce
269.01,Jo Giese
593.03,Joanna Kakissis
215.02,Jod Kaftan
363,Joe Kocur
338.03,Joe Lockhart
130.01,Joe Richman
223.02,Joe Richman
350.01,Joe Richman
527.01,Joe Richman
539,Joe Richman
539.01,Joe Richman
555.02,Joe Richman
73.04,Joel Kostman
75.01,Joel Kostman
52.04,Joel Lovell
192.01,Joel Lovell
306.02,Joel Lovell
361.03,Joel Lovell
584.02,Joel Lovell
71.01,Joel Meyerowitz
132.02,Joel Meyerowitz
479,John Biewen
344,John Bowe
203.03,John Brasfield
448.02,John Conlee
46.02,John Connors
47.04,John Connors
74.01,John Connors
574.03,John Connors
520.03,John Gravois
178.01,John Hodgman
190.02,John Hodgman
205.01,John Hodgman
232.03,John Hodgman
243.03,John Hodgman
298.03,John Hodgman
305.02,John Hodgman
329.01,John Hodgman
508.01,John Hodgman
521.05,John Jodzio
399.01,Jon Mooallem
518.03,Jon Mooallem
575.02,Jon Mooallem
582.03,Jon Mooallem
201.01,Jon Ronson
211.01,Jon Ronson
214.02,Jon Ronson
310.02,Jon Ronson
314.01,Jon Ronson
331.02,Jon Ronson
338.01,Jon Ronson
385.01,Jon Ronson
411.03,Jon Ronson
436.02,Jon Ronson
506.01,Jon Ronson
522,Jon Ronson
620.03,Jon Ronson
110.05,Jonathan Gold
116.01,Jonathan Gold
145.02,Jonathan Gold
314,Jonathan Gold
343.01,Jonathan Gold
188.01,Jonathan Goldstein
191.02,Jonathan Goldstein
197.04,Jonathan Goldstein
198.04,Jonathan Goldstein
203.01,Jonathan Goldstein
205.04,Jonathan Goldstein
212.03,Jonathan Goldstein
223.04,Jonathan Goldstein
225.01,Jonathan Goldstein
233.03,Jonathan Goldstein
234.04,Jonathan Goldstein
238.01,Jonathan Goldstein
239.01,Jonathan Goldstein
241.07,Jonathan Goldstein
245.01,Jonathan Goldstein
251.01,Jonathan Goldstein
257.01,Jonathan Goldstein
264.01,Jonathan Goldstein
278.01,Jonathan Goldstein
294.02,Jonathan Goldstein
305.06,Jonathan Goldstein
315.02,Jonathan Goldstein
321.03,Jonathan Goldstein
345.01,Jonathan Goldstein
354.02,Jonathan Goldstein
388.01,Jonathan Goldstein
438.03,Jonathan Goldstein
463.02,Jonathan Goldstein
514.01,Jonathan Goldstein
532.01,Jonathan Goldstein
539.02,Jonathan Goldstein
557.03,Jonathan Goldstein
597.02,Jonathan Goldstein
287.02,Jonathan Menjivar
397.03,Jonathan Menjivar
425.03,Jonathan Menjivar
438.02,Jonathan Menjivar
449.04,Jonathan Menjivar
456,Jonathan Menjivar
462.03,Jonathan Menjivar
463.03,Jonathan Menjivar
545.03,Jonathan Menjivar
559.02,Jonathan Menjivar
566.02,Jonathan Menjivar
602.04,Jonathan Menjivar
462.02,Jonathan Mitchell
286.01,Jorge Just
588.02,Jorge Just
131.02,Josef Skvorecky
310,Joseph Margulies
331,Joseph Margulies
323.02,Josh Bearman
334.01,Josh Bearman
334.02,Josh Bearman
371.03,Josh Bearman
447.01,Josh Bearman
447.02,Josh Bearman
475,Josh Bearman
500.01,Josh Bearman
528.03,Josh Bearman
324.02,Josh Gleason
245.04,Josh Hamilton
72.01,Josh Seftel
72.02,Josh Seftel
379.02,Joss Whedon
124.02,Juan Zaldivar
515.03,Julia DeWitt
551.03,Julia DeWitt
166.01,Julia Pimsleur
9.01,Julia Sweeney
9.02,Julia Sweeney
87.02,Julia Sweeney
135.01,Julia Sweeney
290.02,Julia Sweeney
262.02,Julia Whitty
422.05,Julian McCullough
188.04,Julie Hill
294.03,Julie Hill
3.02,Julie Showalter
39.04,Julie Showalter
44.03,Julie Showalter
53.03,Julie Showalter
98.03,Julie Snyder
109.06,Julie Snyder
144.03,Julie Snyder
156.03,Julie Snyder
196.01,Julie Snyder
208.03,Julie Snyder
237,Julie Snyder
253.02,Julie Snyder
341.02,Julie Snyder
373.03,Julie Snyder
400.05,Julie Snyder
435.03,Julie Snyder
500,Julie Snyder
500.01,Julie Snyder
57.02,Junot Diaz
94.02,Junot Diaz
236.03,Justin Kaufman
424.03,Jyllian Gunther
158.02,Karen Bernstein
313,Karen Bernstein
595.02,Karen Duffin
598.01,Karen Duffin
602.03,Karen Duffin
311.01,Karen Sosnoski
366.01,Karen Sosnoski
376.03,Kasper Hauser Troupe
369.02,Kathie Russo
270.03,Katia Dunn
164.03,Katie Davis
184.03,Katie Davis
237.01,Katie Davis
306.01,Katie Else
240.02,Katy Vine
156.02,Keith Gessen
572.03,Keith O'Brien
431.02,Kelly Coffield
138.01,Kelly Mcevers
178.02,Kelly McEvers
508.02,Kelly McEvers
581.01,Ken Armstrong
581.02,Ken Armstrong
267.02,Ken Kurson
62.01,Kevin Morse
203.02,Kevin Murphy
270.02,Kevin O'Leary
243.02,Kimberly Meyer
40.03,Kitty Felde
48.01,Kitty Felde
412.02,Kumail Nanjiani
457.01,Kurt Braunohler
486.01,Kurt Braunohler
590.03,Kurt Braunohler
587.03,Kyle Mizono
141.02,Lan Samantha Chang
60.03,Larry Brown
119.03,Larry DiStasi
63.01,Larry Doyle
314.02,Larry Doyle
416,Larry Kaplow
5.02,Larry Steeger
442.02,Laura Beil
441.01,Laura Sydell
496.01,Laura Sydell
496.02,Laura Sydell
197.03,Laura Tangusso
30.02,Lauren Slater
119.05,Lawrence Otis Graham
173.02,Lawrence Otis Graham
1.03,Lawrence Steger
50.02,Lawrence Steger
132.03,Lawrence Weschler
195.03,Lee Sandlin
235.05,Lee Sandlin
560,Leo Hornak
611,Lilly Sullivan
528.01,Lin-Manuel Miranda
487.01,Linda Lutton
488.03,Linda Lutton
545.01,Lindy West
589,Lindy West
589.01,Lindy West
589.05,Lindy West
7.03,Lisa Buscani
16.03,Lisa Buscani
264.04,Lisa Carver
303,Lisa LaBorde
303.01,Lisa LaBorde
276.04,Lisa Pollak
278.03,Lisa Pollak
279.05,Lisa Pollak
296.05,Lisa Pollak
297.03,Lisa Pollak
299.03,Lisa Pollak
303.02,Lisa Pollak
326.02,Lisa Pollak
340.01,Lisa Pollak
367.03,Lisa Pollak
372.04,Lisa Pollak
379,Lisa Pollak
388.01,Lisa Pollak
391.02,Lisa Pollak
396.01,Lisa Pollak
400.01,Lisa Pollak
413.04,Lisa Pollak
431.01,Lisa Pollak
435.02,Lisa Pollak
449.02,Lisa Pollak
478.01,Lisa Pollak
481.02,Lisa Pollak
507.02,Lisa Pollak
109.03,Listeners Like You
319.03,Listeners Like You
58.02,Liz Weil
250.03,Liza Colonzeas
588,Lori Gottlieb
321.02,Lu Olkowski
358.01,Lu Olkowski
114.02,Luc Sante
13.01,Luis Rodriguez
249.02,Luis Urrea
198.03,Luke Burbank
522.02,Luke Malone
404.03,Lulu Miller
544,Lulu Miller
544.01,Lulu Miller
544.02,Lulu Miller
585.01,Lulu Wang
88.05,Lydia Davis
325.01,Maherin Gangat
606.01,Maile Meloy
68.03,Malcolm Gladwell
348.04,Malcolm Gladwell
590.01,Malcolm Gladwell
524.04,Marc Maron
432.03,Marc Sanchez
18.01,Margy Rochlin
18.02,Margy Rochlin
56.01,Margy Rochlin
61.04,Margy Rochlin
92.01,Margy Rochlin
102.03,Margy Rochlin
200.02,Margy Rochlin
510.04,Margy Rochlin
135.02,Marilyn Snell
586.01,Mariya Karimjee
516.02,Mark Oppenheimer
138.03,Mark Schone
145.03,Mark Schone
67.02,Marvin Tate
233.02,Mary Beth Kirchner
503.02,Mary Cuddehe
383.04,Mary Wiltenburg
406.02,Mary Wiltenburg
535.04,Mary Wiltenburg
122.03,Mary Zimmerman
87.03,Matt Malloy
88.05,Matt Malloy
135,Matt Malloy
152.03,Matt Malloy
164.04,Matt Malloy
195.03,Matt Malloy
235.05,Matt Malloy
242.03,Matt Malloy
256.04,Matt Malloy
274.04,Matt Malloy
285.03,Matt Malloy
381.04,Matt Malloy
393.04,Matt Malloy
404.04,Matt Malloy
446.04,Matt Malloy
50.05,Matthew Goulish
60.05,Meema Spadola
69.01,Meema Spadola
98.02,Meema Spadola
137.04,Meghan Daum
339.04,Merrill Markoe
316.03,Michael Beaumier
234.02,Michael Bernard Loggins
188.03,Michael Chabon
605.02,Michael Chabon
428.04,Michael Chernus
429.01,Michael Chernus
442.01,Michael Chernus
518.05,Michael Chernus
582.02,Michael Chernus
438.01,Michael Ian Black
579.02,Michael Kinsley
60.02,Michael Lesy
19.01,Michael Lewis
29.01,Michael Lewis
32.03,Michael Lewis
34.02,Michael Lewis
41.02,Michael Lewis
41.04,Michael Lewis
85.03,Michael Lewis
97.03,Michael Lewis
139.01,Michael Lewis
504.02,Michael Lewis
504.03,Michael Lewis
381.02,Michael May
394.01,Michael May
405.02,Michael May
438.04,Michael May
498.01,Michael May
60.03,Michael Stumm
54.01,Michael Ventura
574.04,Michael Ventura
122.02,Michele Ernsting
180.04,Michelle Trachtenberg
245.03,Mike Albo
361.01,Mike Birbiglia
370.02,Mike Birbiglia
379.01,Mike Birbiglia
384.01,Mike Birbiglia
411.01,Mike Birbiglia
422.03,Mike Birbiglia
486.04,Mike Birbiglia
515.02,Mike Birbiglia
528.02,Mike Birbiglia
551.02,Mike Birbiglia
576.01,Mike Birbiglia
601.03,Mike Birbiglia
454.01,Mike Daisey
128.03,Mike Paterniti
148.01,Mike Paterniti
150.01,Mike Paterniti
343.02,Mike Paterniti
532.03,Mike Pesca
558.03,Mike Pesca
526.02,Miki Meek
541.02,Miki Meek
548.01,Miki Meek
555.03,Miki Meek
556.03,Miki Meek
566.01,Miki Meek
592.01,Miki Meek
592.03,Miki Meek
593.02,Miki Meek
597.01,Miki Meek
602.01,Miki Meek
610.01,Miki Meek
221.02,Mira Nair
183.02,Miriam Toews
220.04,Miriam Toews
378.03,Molly Antopol
233.01,Molly FitzSimons
70.02,Mona Simpson
284.01,Muhammad Kamran
381,My Thuan Tran
381.01,My Thuan Tran
398.01,Nancy Mullane
300.03,Nancy Sherman
16.02,Nancy Updike
25.03,Nancy Updike
46.01,Nancy Updike
57.04,Nancy Updike
59.03,Nancy Updike
73.03,Nancy Updike
86.01,Nancy Updike
110.03,Nancy Updike
123.02,Nancy Updike
141.04,Nancy Updike
143.04,Nancy Updike
149.02,Nancy Updike
155.02,Nancy Updike
164.02,Nancy Updike
172.01,Nancy Updike
182.01,Nancy Updike
200.01,Nancy Updike
217.01,Nancy Updike
217.03,Nancy Updike
238.02,Nancy Updike
251.02,Nancy Updike
266.01,Nancy Updike
266.02,Nancy Updike
266.03,Nancy Updike
266.04,Nancy Updike
266.05,Nancy Updike
266.06,Nancy Updike
266.07,Nancy Updike
268,Nancy Updike
293,Nancy Updike
324.01,Nancy Updike
327,Nancy Updike
333.01,Nancy Updike
340.02,Nancy Updike
361.02,Nancy Updike
362.03,Nancy Updike
367.01,Nancy Updike
367.05,Nancy Updike
370.03,Nancy Updike
372.01,Nancy Updike
386.01,Nancy Updike
388.02,Nancy Updike
395.04,Nancy Updike
396.02,Nancy Updike
400.02,Nancy Updike
407.02,Nancy Updike
416,Nancy Updike
416.01,Nancy Updike
416.02,Nancy Updike
416.03,Nancy Updike
428,Nancy Updike
428.02,Nancy Updike
428.03,Nancy Updike
429,Nancy Updike
429.02,Nancy Updike
432.02,Nancy Updike
433.03,Nancy Updike
434.02,Nancy Updike
442.01,Nancy Updike
475.04,Nancy Updike
481.05,Nancy Updike
493.01,Nancy Updike
499,Nancy Updike
499.01,Nancy Updike
499.02,Nancy Updike
500.01,Nancy Updike
512.01,Nancy Updike
523.01,Nancy Updike
526,Nancy Updike
529.03,Nancy Updike
530.02,Nancy Updike
542.02,Nancy Updike
556.01,Nancy Updike
564.01,Nancy Updike
570,Nancy Updike
570.01,Nancy Updike
575.04,Nancy Updike
577.02,Nancy Updike
579.02,Nancy Updike
607.01,Nancy Updike
607.02,Nancy Updike
609.03,Nancy Updike
291.01,Nazanin Rafsanjani
573.02,Neil Drumming
587.02,Neil Drumming
594.03,Neil Drumming
598.02,Neil Drumming
602.02,Neil Drumming
623,Neil Drumming
623.01,Neil Drumming
448.02,Neil Gaiman
10.03,Neo-futurists
180.04,Nicholson Baker
187.03,Nick Flynn
161.02,Nick Hornby
173,Nick Hornby
295.02,Nick Hornby
297.04,Nick Spitzer
618.01,Nick van der Kolk
136.03,Nicole Graev
512.02,Nikole Hannah-Jones
562,Nikole Hannah-Jones
562.01,Nikole Hannah-Jones
562.02,Nikole Hannah-Jones
563.02,Nikole Hannah-Jones
1.04,-
2.02,Michael Warr
2.03,-
3.03,Luis Rodriguez
3.04,David Sedaris
3.06,-
5.03,Darron Bowden
5.04,Glen Fitzgerald
5.05,Cheryl Trykv
6.03,Peter Clowney
7.04,Dwight Okita
10.04,Susan Bergman
11.02,Ira Glass
12.03,Scott Carrier
13.02,Gregory Whitehead
13.02,Nancy Updike
13.03,-
24.02,Rennie Sparks
24.03,Gregory Whitehead
26.03,Dan Robb
26.03,Jay Allison
26.04,Beau O'Reilly
27.03,Vivian Paley
30.03,-
30.04,Claudia Perez
31.02,Dan Gediman
31.03,Sarah Vowell
31.04,-
33.03,Shirley Jahad
33.04,Cassandra Smith
40.04,-
41.03,-
55.02,Lauren Slater
56.03,Dishwasher Pete
58.03,-
62.02,-
62.03,Dirk Jamison
62.04,Sandra Loh
67.03,Jay Allison
67.04,David Sedaris
76.03,-
81.04,-
108.02,Mary Kay Prucha
109.04,Ira Glass
110.02,Jack Hitt
114.04,-
121.02,Gillian Aldrich
131.03,Paul Bravmann
134.04,Steve Bogira
138.04,Sandra Loh
139.04,-
157.02,Meghan Daum
157.03,-
157.04,Alex Blumberg
157.05,Mona Simpson
167.03,Mike Paterniti
169.03,Julie Snyder
169.04,Nancy Updike
207.02,Veronica Chater
226.02,John Hodgman
226.02,Robert Krulwich
232.01,Anthony Swofford
232.02,-
241.03,Susan Drury
241.04,Patty Martin
241.06,-
241.08,-
241.09,Elaine Boehm
241.1,-
241.12,Brent Runyon
241.13,-
241.14,-
241.16,-
241.17,NONE
241.19,David Lipsky
241.2,-
246.02,Alex Kotlowitz
246.02,Amy Drozdowska
255.02,-
255.03,Caitlin Shetterly
260.01,Chris Neary
273.02,Teal Krech
273.03,Brett Martin
297.05,Alex Kotlowitz
300.02,-
307.03,-
309.02,David Sedaris
323.03,-
344.01,John Bowe
350.02,Jon Jeter
350.03,Charles Siebert
352.01,Tal McThenia
352.02,Tal McThenia
357.02,Charles Monroe-Kane
357.03,-
360.01,Jake Halpern
375.02,Lisa Chow
402.02,Nancy Updike
406.01,-
406.03,Mary Wiltenburg
407.01,Mike Paterniti
408.03,Ben Fountain
413.03,Allen Wigington
413.07,Chuck Salter
415.04,Nancy Updike
415.04,Larry Kaplow
427.02,Jake Halpern
439.02,Jeanne Darst
443.03,Jonathan Goldstein
449.06,Elizabeth Green
450.02,-
452.03,-
453.02,Chris Gethard
454.02,-
455.01,Chana Joffe-Walt
455.01,Zoe Chace
455.02,Chana Joffe-Walt
455.02,Adam Davidson
455.03,Chana Joffe-Walt
455.03,Adam Davidson
455.04,Chana Joffe-Walt
455.04,Alex Blumberg
455.05,Chana Joffe-Walt
455.05,Alex Blumberg
457.03,Ben Loory
458.02,Dave Finch
460.02,-
460.03,-
461.03,-
465.01,Habiba Nosheen
465.02,Habiba Nosheen
467.02,Michael Meyer
468.01,Sarah Koenig
468.03,-
469.01,-
469.02,Anton Disclafani
469.03,-
470.01,Logan Hill
470.02,Jonathan Goldstein
470.02,David Rakoff
472.01,-
475.01,Brian Reed
475.03,Sonari Gilton
477.01,Domingo Martinez
477.02,-
477.03,Molly Shannon
479.01,-
479.02,John Biewen
480.03,Camas Davis
481.01,Hyder Akbar
481.04,Nathaniel Rich
481.06,-
482.01,Maya Gurantz
482.02,Connie Rex
482.03,Ron Carlson
485.02,Amy Bitzel
487.02,Alex Kotlowitz
487.03,Ben Calhoun
488.06,-
489.02,Stephen Lee
489.03,Ryan Rozar
489.04,-
489.05,Kerry Weeks
491.01,David Ferry
491.02,Andrea Seigel
491.03,Debbie Lum
493.02,Scott Pinkmountain
494.02,Sierra Teller-Ornelas
494.03,Gloria Harrison
495.01,Julia Kumari Drapkin
495.02,Ben calhoun
495.03,Ira Glass
497.01,-
497.03,-
497.05,-
497.07,-
498.02,-
500.02,-
501.01,-
501.03,Sayed Kashua
502.01,Yowei Shaw
502.02,Yowei Shaw
506.03,Yuri Herrera 
510.03,-
511.01,Sarah Koenig
511.02,Ira Glass
511.03,Brian Reed
511.04,Julie Snyder
511.05,Sarah Koenig
511.06,Nancy Updike
513.01,-
513.02,-
513.05,Sean Cole
513.06,-
513.08,-
513.1,-
515.04,Sarah Koenig
517.03,-
518.02,BJ Novak
521.01,Ira Glass
521.03,Jonathan Menjivar
523.02,-
526.03,-
531.03,-
533.01,Alex Blumberg
533.02,Mike Birbiglia
533.03,-
534.01,Ben Calhoun
534.02,Ben Calhoun
538.02,-
539.03,-
540.01,John Diedrich
540.01,Rachel Rutlidge
540.02,Debbie Nathan
540.03,Ayelet Waldman 
543.01,Brian Reed
543.01,Bianca Giaever
543.02,Brian Reed
543.02,Bianca Giaever
543.03,-
546.01,-
546.02,-
552.01,-
552.02,Zoe Chace
553.01,Sara Corbett
553.02,Mark Oppenheimer
553.03,Brett Martin
554.01,Adriana Cardona-Maguigad
554.03,Zoe Chace
555.01,-
556.04,-
560.01,Leo Hornak
560.02,Leo Hornak
571.03,Juila Lillis
578.04,Scott Aukerman
578.04,Adam Scott
599.01,-
599.02,David Kestenbaum
599.03,-
599.04,-
600.02,-
601.02,-
601.04,Mike Birbiglia
604.02,Samantha Broun
605.01,-
608.05,-
609.05,-
613.01,Francisco Cantu
623.03,-
623.04,Neil Drumming
14.03,Nora Moreno
256.01,Nubar Alexanian
446.01,Nubar Alexanian
464.01,OK Go
509.02,Paige Cowett
404.03,Patrick Walters
12.01,Paul Tough
30.01,Paul Tough
30.02,Paul Tough
49.01,Paul Tough
57.01,Paul Tough
59.01,Paul Tough
63.03,Paul Tough
65.04,Paul Tough
70.03,Paul Tough
73.01,Paul Tough
75.03,Paul Tough
98.01,Paul Tough
160.05,Paul Tough
289.02,Paul Tough
364.01,Paul Tough
37.02,Peter Clowney
117.02,Peter Sagal
383.03,Peter Sagal
535.03,Peter Sagal
292.01,Petra Bartosiewicz
292.02,Petra Bartosiewicz
356.01,Petra Bartosiewicz
356.02,Petra Bartosiewicz
387.01,Petra Bartosiewicz
387.02,Petra Bartosiewicz
126.02,Philip Gourevitch
384.02,Philip Gourevitch
545.04,PJ Vogt
559.01,PJ Vogt
355.01,Alex Blumberg
355.01,Adam Davidson
355.02,Adam Davidson
355.02,Alex Blumberg
363.02,Alex Blumberg
363.02,Adam Davidson
365.01,Alex Blumberg
365.01,Adam Davidson
365.02,Alex Blumberg
366.04,Adam Davidson
366.04,Alex Blumberg
373.04,Adam Davidson
373.04,Alex Blumberg
375.01,Adam Davidson
375.01,Alex Blumberg
377.02,Chana Joffe-Walt
380.01,Chris Arnold
382.01,Chana Joffe-Walt
382.02,Alex Blumberg
382.02,David Kestenbaum
384.03,Alex Blumberg
384.03,Adam Davidson
390.01,Alex Blumberg
390.01,Adam Davidson
392.01,Chana Joffe-Walt
392.02,Alex Blumberg
392.02,Adama Davidson
392.03,David Kestenbaum
395.01,Chana Joffe-Walt
395.01,Adam Davidson
397.05,Adam Davidson
397.05,Alex Blumberg
342,Rachel Howard
303.02,Rachel Louise Synder
376.02,Rany Jazayerli
119.01,Ray Hill
444.02,Rebecca Makkai
103.01,Rebecca Perl
6.02,Reginald Gibbons
59.05,Rennie Sparks
574,Rennie Sparks
613.02,Reya El-Salahi
389.02,Rich Juzwiak
72.01,Rich Robinson
72.02,Rich Robinson
105.01,Rich Robinson
93.01,Richard Bausch
349.01,Richard Bausch
349,Richard Klein
70.01,Richard Lyons
362.01,Richard Price
119.04,Rick Reynolds
148.03,Riz Rollins
92.03,RJ Smith
62.01,Rob Bindler
460.01,Rob Schmitz
457.02,Robbie Brown
486.02,Robbie Brown
293.03,Robert Andrew Powell
97.12,Robert Krulwich
401.02,Robert Krulwich
401.02,Robert Krulwich
434.06,Robert Smith
459.03,Robert Smith
247.01,Robin Epstein
326.03,Robin Epstein
361.02,Robyn Semien
400.04,Robyn Semien
500.01,Robyn Semien
513.03,Robyn Semien
530.01,Robyn Semien
548,Robyn Semien
548.02,Robyn Semien
565.01,Robyn Semien
565.06,Robyn Semien
581.01,Robyn Semien
581.02,Robyn Semien
593.04,Robyn Semien
614.01,Robyn Semien
61.02,Ron Carlson
61.03,Ron Carlson
64.01,Ron Carlson
64.02,Ron Carlson
510.02,Ron Carlson
326.01,Ronan Kelly
315,Rosie Schaap
348.02,Rosie Schaap
426.02,Rosie Schaap
589.03,Roxane Gay
393.01,Ruby Wright
174.04,Russell Banks
228.02,Russell Banks
514.03,Russell Banks
304,Russell Cobb
304.01,Russell Cobb
304.02,Russell Cobb
420.01,Ruth Padawer
420.02,Ryan Knighton
464,Ryan Knighton
464.01,Ryan Knighton
458.01,Ryan Murdock
471.01,Sam Black
471.02,Sam Black
608.04,Sam Black
452.02,Sam Bungey
517.02,Sam Mullins
354.01,Sam Shaw
604.01,Samantha Broun
267.03,Samantha Hunt
527.01,Samara Freemark
106.02,Sanantonio Brooks
4.02,Sandra Loh
7.01,Sandra Loh
22.02,Sandra Loh
22.03,Sandra Loh
26.01,Sandra Loh
45.01,Sandra Loh
89.02,Sandra Loh
115.03,Sandra Loh
133.01,Sandra Loh
55.01,Sandy Tolan
411.02,Sara Blaisdell
516.01,Sara Corbett
591.02,Sara Corbett
434.03,Sarah Bromer
516.03,Sarah Carr
527.01,Sarah Kate Kramer
151.02,Sarah Koenig
162.02,Sarah Koenig
212,Sarah Koenig
213.03,Sarah Koenig
237.02,Sarah Koenig
260.02,Sarah Koenig
263.02,Sarah Koenig
276.03,Sarah Koenig
279.04,Sarah Koenig
299.02,Sarah Koenig
314.03,Sarah Koenig
330.01,Sarah Koenig
332.07,Sarah Koenig
337.01,Sarah Koenig
346.02,Sarah Koenig
347.02,Sarah Koenig
367.02,Sarah Koenig
367.04,Sarah Koenig
369.03,Sarah Koenig
372.05,Sarah Koenig
383.01,Sarah Koenig
391.03,Sarah Koenig
392.04,Sarah Koenig
396,Sarah Koenig
396.01,Sarah Koenig
396.04,Sarah Koenig
400.05,Sarah Koenig
413.06,Sarah Koenig
419.01,Sarah Koenig
419.02,Sarah Koenig
421.02,Sarah Koenig
434.01,Sarah Koenig
440.01,Sarah Koenig
440.02,Sarah Koenig
444,Sarah Koenig
444.01,Sarah Koenig
449.05,Sarah Koenig
451.01,Sarah Koenig
459.01,Sarah Koenig
466.02,Sarah Koenig
468.02,Sarah Koenig
478.02,Sarah Koenig
485.01,Sarah Koenig
489,Sarah Koenig
492,Sarah Koenig
492.01,Sarah Koenig
492.02,Sarah Koenig
497.04,Sarah Koenig
500.01,Sarah Koenig
513.07,Sarah Koenig
535.01,Sarah Koenig
537,Sarah Koenig
537.01,Sarah Koenig
79.03,Sarah Miller
99.02,Sarah Miller
431.02,Sarah Mollo-Christensen
11.04,Sarah Thyre
45.03,Sarah Vowell
54.02,Sarah Vowell
56.04,Sarah Vowell
58.01,Sarah Vowell
65.02,Sarah Vowell
67.01,Sarah Vowell
70.04,Sarah Vowell
76.01,Sarah Vowell
81.01,Sarah Vowell
86.02,Sarah Vowell
90.02,Sarah Vowell
94.01,Sarah Vowell
97.13,Sarah Vowell
104.02,Sarah Vowell
107.01,Sarah Vowell
107.02,Sarah Vowell
114.01,Sarah Vowell
118.01,Sarah Vowell
125.03,Sarah Vowell
128.01,Sarah Vowell
129.01,Sarah Vowell
141.02,Sarah Vowell
148.02,Sarah Vowell
151.01,Sarah Vowell
167.01,Sarah Vowell
174.01,Sarah Vowell
191.03,Sarah Vowell
226.03,Sarah Vowell
235.04,Sarah Vowell
239.02,Sarah Vowell
244,Sarah Vowell
247.03,Sarah Vowell
256.02,Sarah Vowell
277,Sarah Vowell
291.03,Sarah Vowell
305.05,Sarah Vowell
328.02,Sarah Vowell
329.03,Sarah Vowell
354.02,Sarah Vowell
574.02,Sarah Vowell
268.02,Sascha Rothchild
528.04,Sasheer Zamata
576.01,Sasheer Zamata
583.02,Sasheer Zamata
437.01,Saul Elbein
507.01,Saul Elbein
603.03,Scott Brown
21.01,Scott Carrier
35.02,Scott Carrier
37.01,Scott Carrier
40.02,Scott Carrier
42.03,Scott Carrier
45.02,Scott Carrier
48.02,Scott Carrier
49.03,Scott Carrier
53.05,Scott Carrier
64.02,Scott Carrier
77.02,Scott Carrier
80.01,Scott Carrier
96.01,Scott Carrier
96.02,Scott Carrier
113.04,Scott Carrier
141.02,Scott Carrier
146.03,Scott Carrier
181,Scott Carrier
181.01,Scott Carrier
181.02,Scott Carrier
181.03,Scott Carrier
181.04,Scott Carrier
191.01,Scott Carrier
195.04,Scott Carrier
241.02,Scott Carrier
243.01,Scott Carrier
286.02,Scott Carrier
333.02,Scott Carrier
551.04,Scott Carrier
345.04,Scott Gurian
140.02,Sean Cole
247,Sean Cole
354.02,Sean Cole
388.02,Sean Cole
505.01,Sean Cole
505.02,Sean Cole
513.04,Sean Cole
521.04,Sean Cole
524,Sean Cole
535.02,Sean Cole
539.02,Sean Cole
548.02,Sean Cole
558.04,Sean Cole
565.05,Sean Cole
572.04,Sean Cole
575.01,Sean Cole
585.02,Sean Cole
586,Sean Cole
586.02,Sean Cole
593.01,Sean Cole
593.05,Sean Cole
601.01,Sean Cole
611.01,Sean Cole
612,Sean Cole
612.01,Sean Cole
614.03,Sean Cole
618.02,Sean Cole
622,Sean Cole
622.01,Sean Cole
112.05,Sean Collins
425.02,Sean Lewis
520.02,Seth Freed Wessler
608.02,Seth Freed Wessler
361.04,Seth Lind
395.03,Shaina Feinberg
258.02,Shalom Auslander
281.03,Shalom Auslander
283.03,Shalom Auslander
318.03,Shalom Auslander
322.02,Shalom Auslander
332.01,Shalom Auslander
354.02,Shalom Auslander
362.04,Shalom Auslander
369.05,Shalom Auslander
384.04,Shalom Auslander
397.01,Shalom Auslander
210.01,Shane DuBow
222.02,Shane DuBow
272.03,Shane DuBow
571.01,Shankar Vedantam
308.01,Shant Kenderian
412.04,Shawn Allee
248.02,Sheila Peabody
26.02,Sherman Alexie
287.01,Shirleen Holt
591.03,Simon Rich
40.01,Spalding Gray
369.02,Spalding Gray
146.04,Starlee Kine
183.03,Starlee Kine
192.02,Starlee Kine
205.02,Starlee Kine
208.01,Starlee Kine
223.03,Starlee Kine
226,Starlee Kine
226.01,Starlee Kine
231.01,Starlee Kine
238.01,Starlee Kine
241.01,Starlee Kine
248.01,Starlee Kine
259.01,Starlee Kine
261.03,Starlee Kine
277.03,Starlee Kine
283.02,Starlee Kine
335,Starlee Kine
339.01,Starlee Kine
354.02,Starlee Kine
424.01,Starlee Kine
514.02,Starlee Kine
522.01,Stephanie Foo
529.01,Stephanie Foo
549.03,Stephanie Foo
552.03,Stephanie Foo
556.02,Stephanie Foo
568.01,Stephanie Foo
576.02,Stephanie Foo
580.02,Stephanie Foo
585.03,Stephanie Foo
602.05,Stephanie Foo
603.02,Stephanie Foo
608.03,Stephanie Foo
616.02,Stephanie Foo
617.03,Stephanie Foo
93.02,Stephanie Howard
119.03,Stephen Donaldson
130.02,Stephen Dubner
618.01,Steven Jackson
134,Stuart Dybek
368.01,Studs Terkel
530,Studs Terkel
311.02,Sudhir Alladi Venkatesh
366.03,Sudhir Alladi Venkatesh
83.03,Susan Bergman
76.02,Susan Berman
153.01,Susan Burton
162.01,Susan Burton
167.02,Susan Burton
172.01,Susan Burton
175.02,Susan Burton
186.01,Susan Burton
219.01,Susan Burton
219.02,Susan Burton
225.04,Susan Burton
230.01,Susan Burton
244.04,Susan Burton
254.01,Susan Burton
254.02,Susan Burton
370.01,Susan Burton
386.04,Susan Burton
433.04,Susan Burton
445.01,Susan Burton
202.04,Susan Drury
211.03,Susan Drury
231.04,Susan Drury
236.01,Susan Drury
258.03,Susan Drury
321.01,Susan Drury
480.01,Susan Orlean
519.01,Susan Zalkind
519.02,Susan Zalkind
519.03,Susan Zalkind
52.01,Susanna Kaysen
431.02,Svetlana Alexievich
573.02,Ta-Nehisi Coates
352,Tal McThenia
127.01,Tamar Brott
127.02,Tamar Brott
198.02,Tami Sagher
314.04,Tami Sagher
576.01,Tami Sagher
464.02,Taylor Dayne
380.02,Ted Gesing
174.03,Terry Gross
149.01,Terry Shine
344.02,Thanh Tan
381,Thanh Tan
98.01,Nikki Silva
98.01,Davia Nelson
313.03,Thea Chaloner
90.02,John Linnell
90.02,John Flansburgh
386,John Linnell
386,John Flansburgh
433,John Linnell
433,John Flansburgh
169.02,Thomas Beller
60.01,Thomas Lynch
333.03,Thomas Ricks
464.02,Tig Notaro
476,Tig Notaro
476.01,Tig Notaro
518.04,Tig Notaro
558.02,Tig Notaro
577.02,Tig Notaro
159,Tillie Olsen
476.04,Tim Kreider
83.01,Tim Melley
114.06,Tobias Wolff
152.01,Tobias Wolff
223.01,Todd Bachmann
94.01,Tom Maggliozi
94.01,Ray Maggliozi
215,Tom Maggliozi
215,Ray Maggliozi
71.02,Tom Andrews
234.02,Tom Wright
235.02,Tom Wright
335.02,Tony Hill
81.05,Tori Marlan
321.02,Trey Kay
538.01,Tunette Powell
335,Valentina Filimonova
207.03,Veronica Chater
228.01,Veronica Chater
269.02,Veronica Chater
349.02,Veronica Chater
284.03,Virginia Holman
153.03,Vivian Paley
557.02,W. Kamau Bell
369.04,Wayne Curtis
409.02,Wayne Curtis
398.02,Wells Tower
149.04,Wendy Dorr
172.02,Wendy Dorr
186.04,Wendy Dorr
206.01,Wendy Dorr
224.03,Wendy Dorr
248.03,Wendy Dorr
371.04,Wendy Dorr
448.02,Wendy McClure
313.02,Will Seymour
422.01,Wyatt Cenac
524.03,Wyatt Cenac
596.01,Zack McDermott
564.02,Zoe Chace
565.02,Zoe Chace
565.04,Zoe Chace
569.01,Zoe Chace
569.03,Zoe Chace
578.01,Zoe Chace
580.01,Zoe Chace
586,Zoe Chace
590.02,Zoe Chace
591,Zoe Chace
591.01,Zoe Chace
596.02,Zoe Chace
600,Zoe Chace
600.01,Zoe Chace
602.08,Zoe Chace
602.1,Zoe Chace
606.02,Zoe Chace
608.01,Zoe Chace
609.01,Zoe Chace
615.01,Zoe Chace
621.02,Zoe Chace